,annotator_0,annotator_1,annotator_2,annotator_3,annotator_4,annotator_5,annotator_6
annotator_0,1.0,-0.267605633802817,0.15254237288135597,-0.149425287356322,0.0,0.10958904109589052,0.03614457831325313
annotator_1,-0.267605633802817,1.0,0.13875598086124408,-0.13924050632911378,0.297872340425532,0.12556053811659196,-0.15879828326180245
annotator_2,0.15254237288135597,0.13875598086124408,1.0,0.010989010989011172,-0.07547169811320753,0.23963133640552992,-0.05058365758754868
annotator_3,-0.149425287356322,-0.13924050632911378,0.010989010989011172,1.0,-0.15384615384615374,0.02597402597402587,-0.04477611940298498
annotator_4,0.0,0.297872340425532,-0.07547169811320753,-0.15384615384615374,1.0,-0.04347826086956519,-0.24390243902439024
annotator_5,0.10958904109589052,0.12556053811659196,0.23963133640552992,0.02597402597402587,-0.04347826086956519,1.0,0.017467248908296873
annotator_6,0.03614457831325313,-0.15879828326180245,-0.05058365758754868,-0.04477611940298498,-0.24390243902439024,0.017467248908296873,1.0
