,annotator_0,annotator_1,annotator_2,annotator_3,annotator_4,annotator_5,annotator_6
annotator_0,1.0,-0.2788995520575486,0.1547818111102747,-0.20634920634920642,3.854500467855925e-17,0.11664236870396086,0.045283341285172675
annotator_1,-0.2788995520575486,1.0,0.15374072439330325,-0.16146816171752812,0.33295604590814615,0.1258455564269084,-0.17216007539088796
annotator_2,0.1547818111102747,0.15374072439330325,1.0,0.017197979012252795,-0.11145564251507059,0.2738207757162375,-0.07086915772546398
annotator_3,-0.20634920634920642,-0.16146816171752812,0.017197979012252795,1.0,-0.15430334996209177,0.02916059217599026,-0.045283341285172626
annotator_4,3.854500467855925e-17,0.33295604590814615,-0.11145564251507059,-0.15430334996209177,1.0,-0.047245559126153386,-0.24455799402225928
annotator_5,0.11664236870396086,0.1258455564269084,0.2738207757162375,0.02916059217599026,-0.047245559126153386,1.0,0.01848684666616344
annotator_6,0.045283341285172675,-0.17216007539088796,-0.07086915772546398,-0.045283341285172626,-0.24455799402225928,0.01848684666616344,1.0
