,annotator_0,annotator_1,annotator_2,annotator_3,annotator_4,annotator_5,annotator_6
annotator_0,1.0,-0.19999999999999996,0.02985074626865658,0.17910447761194026,0.15094339622641517,-0.004784688995215225,-0.36929460580912865
annotator_1,-0.19999999999999996,1.0,-0.1333333333333333,0.0,0.1333333333333333,-0.19999999999999996,0.06666666666666665
annotator_2,0.02985074626865658,-0.1333333333333333,1.0,-0.25,0.125,-0.1643835616438356,-0.23376623376623384
annotator_3,0.17910447761194026,0.0,-0.25,1.0,0.125,0.1095890410958904,-0.10389610389610393
annotator_4,0.15094339622641517,0.1333333333333333,0.125,0.125,1.0,0.042553191489361764,-0.32558139534883734
annotator_5,-0.004784688995215225,-0.19999999999999996,-0.1643835616438356,0.1095890410958904,0.042553191489361764,1.0,0.08296943231441045
annotator_6,-0.36929460580912865,0.06666666666666665,-0.23376623376623384,-0.10389610389610393,-0.32558139534883734,0.08296943231441045,1.0
