,annotator_0,annotator_1,annotator_2,annotator_3,annotator_4,annotator_5,annotator_6
annotator_0,1.0,-0.23643312187173018,0.03217447260438936,0.193046835626336,0.2229112850301412,-0.005301404289424184,-0.4718249817587579
annotator_1,-0.23643312187173018,1.0,-0.13608276348795434,2.2662332591841966e-17,0.14142135623730953,-0.20180183819889383,0.06726727939963126
annotator_2,0.03217447260438936,-0.13608276348795434,1.0,-0.2499999999999998,0.1443375672974064,-0.16477051091432693,-0.24715576637149042
annotator_3,0.193046835626336,2.2662332591841966e-17,-0.2499999999999998,1.0,0.14433756729740643,0.1098470072762179,-0.10984700727621789
annotator_4,0.2229112850301412,0.14142135623730953,0.1443375672974064,0.14433756729740643,1.0,0.04756514941544953,-0.332956045908146
annotator_5,-0.005301404289424184,-0.20180183819889383,-0.16477051091432693,0.1098470072762179,0.04756514941544953,1.0,0.08597285067873302
annotator_6,-0.4718249817587579,0.06726727939963126,-0.24715576637149042,-0.10984700727621789,-0.332956045908146,0.08597285067873302,1.0
