,annotator_0,annotator_1,annotator_2,annotator_3,annotator_4,annotator_5,annotator_6
annotator_0,1.0,0.4666666666666667,0.06735751295336789,-0.1203319502074689,0.11764705882352944,0.017467248908296873,0.06614785992217898
annotator_1,0.4666666666666667,1.0,-0.06666666666666665,0.19999999999999996,-0.2666666666666666,0.1333333333333333,0.06666666666666665
annotator_2,0.06735751295336789,-0.06666666666666665,1.0,-0.05058365758754868,-0.17511520737327202,0.2918454935622319,-0.03806228373702436
annotator_3,-0.1203319502074689,0.19999999999999996,-0.05058365758754868,1.0,0.14847161572052392,-0.018099547511312153,0.2227979274611399
annotator_4,0.11764705882352944,-0.2666666666666666,-0.17511520737327202,0.14847161572052392,1.0,-0.06194690265486735,0.03433476394849799
annotator_5,0.017467248908296873,0.1333333333333333,0.2918454935622319,-0.018099547511312153,-0.06194690265486735,1.0,-0.03686635944700467
annotator_6,0.06614785992217898,0.06666666666666665,-0.03806228373702436,0.2227979274611399,0.03433476394849799,-0.03686635944700467,1.0
