,annotator_0,annotator_1,annotator_2,annotator_3,annotator_4,annotator_5,annotator_6
annotator_0,1.0,0.48420012470625234,0.07086915772546404,-0.13875598086124413,0.12016450333006196,0.01848684666616347,0.09267505241022217
annotator_1,0.48420012470625234,1.0,-0.07881104062391005,0.20751433915982245,-0.26726124191242434,0.13363062095621214,0.0788110406239101
annotator_2,0.07086915772546404,-0.07881104062391005,1.0,-0.07086915772546402,-0.200099797638789,0.3580733220904643,-0.06832298136645963
annotator_3,-0.13875598086124413,0.20751433915982245,-0.07086915772546402,1.0,0.1571381966623887,-0.018486846666163417,0.23441336786115038
annotator_4,0.12016450333006196,-0.26726124191242434,-0.200099797638789,0.1571381966623887,1.0,-0.06250000000000001,0.042126273187113435
annotator_5,0.01848684666616347,0.13363062095621214,0.3580733220904643,-0.018486846666163417,-0.06250000000000001,1.0,-0.042126273187113435
annotator_6,0.09267505241022217,0.0788110406239101,-0.06832298136645963,0.23441336786115038,0.042126273187113435,-0.042126273187113435,1.0
