,annotator_0,annotator_1,annotator_2,annotator_3,annotator_4,annotator_5,annotator_6
annotator_0,1.0,-0.11111111111111116,-0.14035087719298245,0.019607843137254832,-0.12903225806451601,0.10256410256410264,-0.12903225806451601
annotator_1,-0.11111111111111116,1.0,0.24657534246575352,0.10256410256410264,0.15584415584415579,0.20353982300884954,-0.36363636363636376
annotator_2,-0.14035087719298245,0.24657534246575352,1.0,0.08602150537634412,0.1954022988505747,0.02597402597402587,0.1954022988505747
annotator_3,0.019607843137254832,0.10256410256410264,0.08602150537634412,1.0,0.21052631578947367,0.16666666666666663,-0.3157894736842104
annotator_4,-0.12903225806451601,0.15584415584415579,0.1954022988505747,0.21052631578947367,1.0,0.24657534246575352,0.04761904761904756
annotator_5,0.10256410256410264,0.20353982300884954,0.02597402597402587,0.16666666666666663,0.24657534246575352,1.0,-0.1643835616438356
annotator_6,-0.12903225806451601,-0.36363636363636376,0.1954022988505747,-0.3157894736842104,0.04761904761904756,-0.1643835616438356,1.0
