,annotator_0,annotator_1,annotator_2,annotator_3,annotator_4,annotator_5,annotator_6
annotator_0,1.0,-0.1336306209562122,-0.14547859349066142,0.04166666666666666,-0.21821789023599242,0.13363062095621217,-0.21821789023599233
annotator_1,-0.1336306209562122,1.0,0.2624453295839119,0.13363062095621217,0.17496355305594133,0.2053571428571428,-0.4082482904638629
annotator_2,-0.14547859349066142,0.2624453295839119,1.0,0.14547859349066145,0.26984126984126994,0.029160592175990256,0.26984126984126977
annotator_3,0.04166666666666666,0.13363062095621217,0.14547859349066145,1.0,0.21821789023599245,0.2004459314343182,-0.3273268353539885
annotator_4,-0.21821789023599242,0.17496355305594133,0.26984126984126994,0.21821789023599245,1.0,0.2624453295839118,0.0476190476190476
annotator_5,0.13363062095621217,0.2053571428571428,0.029160592175990256,0.2004459314343182,0.2624453295839118,1.0,-0.1749635530559413
annotator_6,-0.21821789023599233,-0.4082482904638629,0.26984126984126977,-0.3273268353539885,0.0476190476190476,-0.1749635530559413,1.0
